ProjectEntryID,VISPDAT
235436,6
236723,9
236798,7
237005,14
237007,2
237008,9
237942,8
238370,4
238374,11
239338,6
239465,9
239471,7
239473,5
239475,4
239734,5
239737,4
239752,8
239752,10
240336,13
240337,12
240342,6
240949,7
240951,5
240964,5
240977,8
241951,4
242043,8
242045,4
242496,14
242504,8
243361,4
243376,6
243600,7
245715,7
245718,6
245718,7
246880,3
246883,5
246923,8
246932,8
247204,7
247370,7
248156,5
248250,12
248252,2
248258,8
248260,4
248260,6
248266,3
248268,5
248269,8
249847,9
250038,7
250038,11
250044,9
250769,4
252088,4
252097,11
252098,13
252101,5
252912,11
253007,6
253638,3
254783,2
255970,10
256093,9
256730,4
257051,9
257053,7
257210,3
257687,13
259186,6
259808,7
260953,6
261082,6
261094,8
261258,5
261480,4
261594,4
261834,7
261835,4
261837,2
261837,3
263086,8
264357,11
264512,6
268007,8
270105,9
272860,6
274824,9
275153,8
275958,9
276264,5
277218,11
277308,8
277609,5
277738,9
278590,5
278939,12
279116,9
280178,11
281557,10
281831,6
281890,10
282293,13
282310,7
282432,12
282516,14
282596,13
283289,9
283304,11
283308,4
283336,1
284224,4
284984,12
285584,11
286987,7
287221,3
287221,5
288426,8
288939,1
289642,7
289697,9
289703,10
289707,10
290160,8
291425,2
291425,7
291493,6
293825,4
294143,7
294143,9
294143,13
294157,8
296506,2
296506,7
296506,12
297047,2
297061,12
298919,6
299250,9
299309,7
299309,9
300190,9
301786,3
303150,11
303202,11
303457,14
303461,8
307112,9
308360,15
310039,8
310578,10
311286,12
311961,3
311961,8
314731,13
315111,11
315111,12
315111,13
315878,9
315891,1
315891,1
316402,1
316402,1
316720,5
317422,7
317422,13
317950,12
319861,10
319864,8
320140,3
320140,4
320303,14
321052,8
321229,2
321229,3
321535,5
321657,1
321657,1
321662,9
321910,3
321910,8
321935,5
322530,6
322740,12
323563,4
323564,4
323565,4
324679,5
324679,14
324733,6
324733,8
324772,4
324777,8
325087,8
325227,11
325227,11
325384,9
325702,1
325702,1
326677,8
327701,12
327763,3
327778,1
327796,10
328048,11
328131,9
328145,12
328604,6
328615,4
329662,6
329763,6
330500,8
330840,2
330852,6
330856,6
331157,6
331162,6
331195,9
331195,13
331448,8
331883,2
331884,2
331887,9
332024,2
332024,7
332024,12
332042,11
332042,11
332345,8
332719,11
333064,2
333588,2
333672,10
333811,9
333983,7
334169,5
334261,8
334777,5
334865,10
334865,14
335687,9
336073,10
336073,13
336246,7
336531,5
337184,5
337376,2
338955,8
339736,8
339736,13
339981,6
339983,6
339989,6
340191,1
340307,5
340468,6
341194,2
341305,6
341430,10
341437,9
341453,14
342007,7
342024,2
342081,12
342190,8
342571,13
342685,12
342784,2
343007,5
343286,7
343378,12
343379,5
343422,9
343549,3
343549,12
343575,3
344245,2
344245,6
344561,8
344561,9
344598,12
346356,7
346718,1
346728,1
347033,3
347089,11
347247,9
347479,6
347498,7
348073,14
348300,6
348559,5
348981,3
348981,9
349190,6
349190,11
349208,4
349212,8
349235,9
349346,2
349346,4
349543,11
349596,5
350296,7
350296,8
350297,7
350297,8
350459,7
350459,13
351470,8
351964,4
351990,6
351991,1
353346,12
353433,7
353436,2
353448,12
353464,4
354776,2
354897,5
354925,8
355273,3
355273,3
355273,6
355306,8
355315,6
355315,7
355340,8
355347,7
355347,8
355506,4
355506,7
355557,10
355676,3
355679,4
355684,5
355733,3
356317,3
356617,8
356642,11
356697,5
356699,4
356699,8
356734,8
356803,11
356909,8
356913,2
356935,13
356965,9
356979,9
357030,8
357031,2
357031,4
357111,5
357383,6
357408,7
357849,6
357884,14
357911,8
357912,1
358129,4
358136,12
358278,6
358384,8
358392,8
358428,8
358428,10
358600,6
358772,6
358992,6
359007,6
359007,9
359007,11
359013,7
359128,4
359128,4
359359,10
359369,5
359808,6
359915,9
359916,9
359992,5
360049,4
360072,5
360072,8
360081,4
360099,10
360127,7
360335,4
360479,3
360693,8
360983,14
361098,3
361232,8
361812,11
361812,11
362149,4
362193,2
362243,5
362252,4
362253,4
362283,1
362289,10
362337,4
362337,8
362395,7
362473,8
363498,3
363820,5
363822,2
363822,3
364128,6
364128,10
364199,7
364873,10
364884,11
364911,6
364911,11
364985,4
365013,5
365256,6
365256,6
365256,8
365399,2
365415,10
365490,4
365713,2
365713,3
365878,9
365948,7
366070,10
366254,5
366652,4
366897,8
367027,7
367027,10
367291,4
367402,6
367402,6
367402,8
368525,5
368526,5
368542,5
368547,5
368965,5
369107,7
369202,7
369280,10
369308,9
369315,9
369363,12
369424,12
369426,9
369508,10
369765,6
369982,5
369982,8
369982,9
370094,5
370224,9
370224,11
370235,4
370253,8
370269,11
370454,8
370702,4
370724,3
370724,3
370725,3
370725,3
370726,6
370727,6
370901,6
370911,5
371031,3
371053,3
371202,2
371202,4
371202,11
371210,10
371271,11
371284,8
371680,4
371821,9
372151,7
372542,3
372580,7
372750,10
372847,3
372847,3
372849,4
372891,8
372944,8
372958,4
373051,5
373156,9
373163,2
373167,4
373677,5
374013,9
374347,10
374348,6
374686,10
374693,11
375284,7
375663,8
375721,10
375928,6
376219,13
376340,12
376345,12
376349,7
376353,9
376370,4
376386,10
376386,10
376395,9
376396,9
376399,4
376401,4
376407,6
376410,5
376410,5
376411,2
376411,4
376416,4
376420,9
376430,10
376430,10
376438,2
376438,4
376440,6
376444,4
376447,4
376461,6
376461,11
376466,1
376466,3
376483,12
376554,5
376572,7
376646,10
376648,5
376660,6
376662,5
376663,9
376670,1
376723,4
376735,13
376739,11
376744,6
376744,11
376802,5
376808,9
376809,9
376812,5
376812,5
376814,2
376814,4
376815,4
376816,6
376819,9
376822,10
376822,10
376825,9
376835,9
376838,10
376838,10
376842,4
376846,2
376846,4
376847,9
376849,5
376849,5
376850,4
376855,5
376857,5
376881,3
376882,3
376885,12
376888,3
376943,10
376943,10
376946,9
376950,5
376950,5
376953,2
376953,4
376957,9
376958,4
376959,4
376960,5
376968,5
376968,5
376969,2
376969,4
376973,4
376974,9
376979,9
376982,10
376982,10
376991,9
376995,10
376995,10
377003,5
377003,5
377006,5
377009,4
377015,4
377020,2
377020,4
377034,9
377053,7
377105,3
377105,9
377117,10
377148,9
377201,4
377208,5
377218,3
377224,9
377230,6
377356,4
377361,9
377364,10
377364,10
377369,9
377371,5
377371,5
377376,7
377378,2
377378,4
377382,9
377384,2
377384,4
377387,5
377387,5
377388,2
377389,10
377390,4
377391,7
377397,4
377406,9
377407,4
377408,5
377412,10
377412,10
377421,5
377505,2
377528,6
377581,9
377582,5
377585,10
377678,1
377696,5
377696,5
377697,2
377697,4
377699,7
377703,9
377712,6
377720,9
377722,7
377724,4
377726,4
377726,7
377728,5
377728,5
377739,2
377741,5
377754,12
377867,6
377881,5
377881,5
377884,4
377885,6
377890,9
377910,6
377912,4
377913,4
377916,5
377916,5
377917,10
377920,9
377925,7
377926,5
377926,5
377931,6
377932,4
377933,9
377937,9
378027,5
378027,5
378035,6
378036,9
378037,2
378038,4
378049,9
378057,10
378062,5
378062,5
378075,6
378087,9
378095,4
378097,5
378100,5
378115,10
378154,4
378170,6
378187,5
378206,5
378224,5
378227,9
378229,9
378253,2
378255,4
378269,7
378369,4
378370,2
378373,6
378377,9
378380,5
378380,5
378381,9
378388,5
378388,5
378398,4
378402,9
378415,5
378450,10
378492,10
378503,1
378649,12
378652,9
378656,4
378665,9
378667,9
378676,4
378679,5
378679,5
378681,9
378682,9
378688,9
378699,9
378708,4
378710,5
378710,5
378713,9
378718,10
378719,10
378720,9
378731,6
378773,9
378774,5
378801,9
378869,5
378873,2
378879,3
378907,5
379042,9
379063,9
379068,4
379070,5
379070,5
379074,10
379079,9
379084,6
379086,4
379087,5
379087,5
379091,9
379109,7
379115,6
379144,6
379144,10
379149,1
379149,3
379207,2
379207,8
379208,6
379247,9
379259,4
379262,9
379266,5
379266,5
379278,7
379287,10
379288,12
379308,7
379308,8
379309,7
379314,2
379384,9
379386,10
379486,7
379497,10
379639,4
379650,7
379653,5
379653,5
379655,9
379665,5
379665,5
379668,9
379671,9
379678,10
379691,6
379692,5
379692,5
379700,9
379705,4
379712,9
379718,10
379725,4
379731,5
379740,5
379740,5
379746,6
379748,9
379749,6
379785,4
379799,7
379830,12
379838,5
379838,9
379863,2
379882,12
379909,1
379958,7
379978,3
380022,7
380041,4
380046,5
380046,5
380050,1
380054,9
380073,9
380084,1
380086,1
380088,9
380127,4
380138,5
380138,5
380143,3
380211,10
380241,13
380246,1
380294,2
380294,4
380295,3
380296,2
380296,4
380305,10
380312,10
380314,12
380325,1
380337,4
380338,10
380345,1
380347,9
380349,5
380349,5
380351,9
380359,8
380371,5
380371,5
380375,4
380378,9
380423,10
380540,9
380544,8
380545,5
380545,5
380548,4
380554,9
380559,5
380559,5
380562,9
380569,4
380574,8
380576,9
380592,4
380594,5
380594,5
380599,5
380600,9
380601,10
380604,9
380611,4
380616,9
380639,12
380640,6
380640,6
380640,8
380699,1
380702,1
380703,9
380707,4
380708,11
380713,9
380769,9
380770,9
380772,5
380793,5
380798,10
380811,2
380871,9
380881,4
380884,5
380884,5
380886,2
380886,4
380889,9
380898,8
380900,11
380917,9
380923,8
380924,5
380924,5
380926,4
380934,7
380944,10
380965,12
380967,7
380981,5
380994,4
380994,7
380994,10
381014,4
381015,8
381085,4
381112,5
381127,10
381128,9
381156,5
381173,9
381219,2
381224,9
381230,2
381230,4
381237,4
381238,5
381238,5
381241,9
381244,4
381247,2
381247,4
381248,5
381248,5
381254,2
381271,10
381284,4
381300,1
381378,3
381435,2
381435,4
381436,4
381442,5
381442,5
381452,4
381455,2
381455,4
381461,9
381473,9
381478,5
381478,5
381488,2
381488,4
381509,4
381513,5
381532,9
381534,6
381540,4
381541,9
381543,2
381546,5
381546,8
381546,9
381552,1
381557,5
381670,11
381671,11
381684,5
381689,5
381692,4
381694,1
381694,1
381720,10
381720,10
381733,9
381756,6
381762,2
381763,15
381774,9
381775,8
381796,5
381796,5
381798,4
381808,9
381811,9
381817,1
381817,1
381823,9
381836,4
381838,5
381838,5
381841,1
381841,1
381913,5
381916,1
381916,1
382052,9
382054,5
382054,5
382055,1
382055,1
382061,9
382064,4
382069,7
382077,4
382082,9
382087,1
382087,1
382088,2
382088,4
382095,1
382095,1
382098,7
382118,6
382122,5
382137,9
382177,10
382177,10
382179,2
382179,8
382181,9
382192,6
382203,13
382242,4
382245,9
382250,7
382254,9
382256,2
382256,4
382260,5
382260,9
382265,9
382273,2
382273,4
382274,4
382293,4
382310,4
382310,4
382316,9
382317,9
382336,9
382376,3
382376,4
382376,5
382386,2
382401,9
382437,4
382455,4
382455,4
382457,9
382460,1
382555,10
382555,10
382564,5
382564,5
382571,4
382572,2
382572,4
382581,9
382590,9
382592,4
382592,4
382595,5
382595,5
382600,4
382604,9
382616,9
382619,9
382620,4
382629,2
382629,4
382630,5
382630,5
382638,4
382661,6
382682,5
382781,9
382811,2
382811,8
382817,6
382825,4
382840,9
382843,3
382843,5
382867,7
382871,4
382893,1
382893,1
382951,1
382951,1
382953,4
382973,4
382980,5
382980,5
382984,4
382988,9
382994,4
382996,4
383000,5
383000,5
383010,5
383010,9
383017,4
383018,6
383018,11
383022,9
383059,9
383088,4
383114,10
383218,9
383221,4
383225,2
383225,4
383227,5
383227,5
383236,2
383236,4
383237,4
383252,5
383252,5
383257,5
383257,5
383258,4
383273,5
383273,9
383282,5
383351,9
383367,5
383367,14
383374,9
383381,6
383381,11
383418,9
383485,6
383492,13
383558,9
383562,9
383601,5
383601,5
383608,4
383621,10
383629,2
383629,4
383634,7
383634,10
383640,9
383641,4
383647,5
383647,5
383658,6
383663,2
383696,10
383697,13
383723,4
383724,6
383726,8
383782,2
383793,6
383841,4
383841,7
383841,10
383887,5
383887,5
383889,4
383891,2
383891,4
383904,10
383912,5
383912,5
383919,8
383932,2
383932,4
383934,9
383956,9
383956,9
383984,3
383984,8
384037,10
384090,10
384094,4
384098,2
384098,4
384111,2
384111,4
384117,4
384119,10
384131,10
384136,4
384137,2
384137,4
384150,6
384158,9
384168,7
384201,5
384202,5
384204,1
384205,1
384207,10
384211,7
384242,6
384242,8
384250,1
384252,8
384258,1
384284,7
384296,8
384367,3
384367,4
384379,5
384380,5
384381,5
384393,9
384408,10
384422,2
384423,2
384458,7
384459,7
384476,10
384484,9
384487,4
384488,2
384488,4
384539,2
384539,4
384540,4
384558,10
384659,7
384659,10
384670,6
384684,6
384690,7
384770,10
384779,4
384791,2
384791,4
384807,4
384815,10
384836,6
384844,4
384845,7
384918,4
384918,7
384918,10
384948,10
384973,11
385002,12
385013,10
385023,10
385131,4
385135,10
385142,2
385142,4
385158,1
385169,2
385169,4
385183,10
385186,4
385229,3
385229,5
385237,10
385239,4
385364,4
385365,4
385411,2
385436,2
385442,12
385445,13
385453,7
385456,8
385457,10
385465,1
385488,4
385488,10
385506,10
385509,4
385523,1
385531,4
385533,10
385536,1
385590,5
385590,5
385628,13
385683,11
385708,5
385713,3
385713,5
385716,9
385790,5
385791,7
385808,9
385808,9
385810,6
385830,2
385830,4
385843,1
385845,4
385848,10
385862,2
385862,4
385864,4
385871,1
385876,8
385886,5
385894,8
385908,4
385957,2
385957,4
386037,4
386042,1
386050,2
386050,4
386064,4
386069,1
386083,2
386083,4
386087,2
386087,4
386100,1
386104,4
386114,2
386114,4
386126,5
386126,5
386135,1
386138,4
386146,2
386147,5
386152,4
386176,2
386176,4
386176,11
386177,3
386177,5
386202,9
386209,7
386252,9
386268,10
386308,1
386317,5
386317,5
386325,4
386328,10
386342,7
386350,1
386354,2
386354,4
386354,11
386360,6
386360,11
386444,3
386444,5
386463,7
386503,9
386505,1
386509,9
386511,2
386511,4
386511,11
386525,4
386540,10
386540,14
386564,3
386573,9
386644,5
386644,5
386656,2
386656,4
386661,1
386666,4
386673,6
386680,1
386684,4
386688,2
386688,4
386692,5
386692,5
386706,1
386720,9
386738,10
386739,8
386743,2
386822,6
386823,6
386858,5
386858,5
386862,1
386865,4
386879,10
386891,1
386894,4
386899,5
386899,5
386902,2
386902,4
386904,1
386908,4
386923,2
386923,4
386924,9
386925,5
386925,5
386930,2
386930,4
386930,11
386969,6
387007,6
387018,7
387074,2
387106,2
387106,4
387106,11
387115,2
387125,7
387156,10
387182,6
387211,12
387228,1
387231,6
387259,13
387260,5
387260,5
387265,1
387273,2
387273,4
387275,7
387277,4
387287,7
387295,2
387295,4
387297,5
387297,5
387301,13
387304,4
387311,2
387311,4
387311,11
387314,2
387322,10
387326,6
387358,7
387416,8
387416,8
387420,7
387435,4
387440,2
387441,10
387444,9
387450,7
387460,13
387466,2
387466,4
387466,11
387474,9
387478,12
387495,1
387569,4
387571,7
387583,13
387586,5
387586,5
387595,2
387595,4
387600,4
387602,7
387603,5
387603,5
387609,13
387640,2
387640,4
387640,11
387667,7
387678,9
387680,13
387682,4
387698,12
387712,7
387714,4
387715,2
387715,4
387717,5
387717,5
387719,13
387730,5
387730,5
387734,13
387735,4
387745,7
387751,7
387753,4
387762,13
387763,5
387763,5
387765,2
387765,4
387772,5
387780,8
387795,4
387795,10
387816,14
387850,7
387865,5
387874,7
387881,3
387884,4
387893,3
387901,8
387903,7
387924,9
387948,6
387950,5
387950,5
387953,2
387953,4
387955,13
387959,7
387964,4
387974,13
387975,5
387975,5
387987,7
387991,2
387991,4
387995,4
388006,3
388074,3
388074,8
388102,13
388191,8
388198,10
388247,3
388247,9
388251,13
388253,5
388253,5
388264,7
388266,4
388281,7
388285,3
388285,9
388291,2
388291,4
388292,4
388295,13
388299,5
388299,5
388312,8
388329,4
388338,6
388409,9
388452,6
388487,7
388490,13
388491,4
388498,2
388498,4
388501,5
388501,5
388503,10
388507,4
388514,5
388514,5
388519,2
388519,4
388521,13
388530,2
388530,4
388532,13
388534,7
388543,6
388545,4
388550,4
388564,9
388569,6
388644,3
388658,4
388662,3
388666,7
388686,4
388687,9
388690,3
388698,3
388698,8
388708,11
388740,4
388785,9
388808,10
388816,4
388817,3
388817,8
388819,3
388819,8
388828,4
388856,5
388856,5
388860,2
388860,4
388861,4
388894,13
388895,13
388897,5
388897,5
388898,5
388898,5
388900,10
388901,10
388926,4
388978,8
388985,2
389016,10
389039,4
389055,1
389102,7
389126,4
389130,13
389132,2
389132,4
389135,5
389135,5
389148,13
389149,10
389151,5
389151,5
389158,2
389158,4
389162,4
389175,12
389176,3
389181,4
389190,3
389219,6
389264,4
389274,4
389317,4
389317,6
389317,7
389318,5
389318,5
389319,13
389322,2
389322,4
389323,4
389333,5
389333,5
389334,2
389334,4
389335,13
389337,4
389343,4
389343,6
389343,7
389356,4
389357,4
389362,3
389362,4
389364,2
389367,13
389368,5
389368,5
389369,10
389378,3
389470,12
389475,5
389486,3
389487,3
389499,2
389500,2
389592,3
389593,3
389594,4
389597,12
389601,10
389657,5
389673,12
389685,10
389743,10
389746,4
389746,6
389746,7
389750,4
389756,2
389756,4
389758,13
389763,2
389763,4
389774,10
389782,4
389785,7
389788,10
389798,3
389813,3
389815,12
389830,6
389833,3
389851,5
389856,8
390029,3
390029,8
390037,4
390037,6
390037,7
390044,9
390046,12
390047,6
390047,11
390064,7
390070,10
390088,14
390119,12
390140,2
390156,2
390156,4
390164,10
390167,4
390172,5
390172,5
390180,10
390189,2
390189,4
390194,5
390194,5
390200,4
390211,12
390219,10
390228,6
390244,7
390249,6
390302,1
390304,1
390306,6
390308,10
390317,2
390319,9
390422,8
390428,10
390431,4
390434,13
390438,2
390438,4
390444,5
390444,5
390453,1
390470,10
390471,6
390477,4
390506,13
390509,5
390509,5
390518,5
390518,5
390519,13
390527,4
390539,10
390540,6
390547,2
390548,10
390591,12
390662,3
390709,6
390709,10
390717,10
390741,5
390759,10
390764,4
390772,2
390772,4
390773,5
390773,5
390800,10
390813,5
390813,5
390821,4
390821,8
390829,10
390874,10
390892,3
390893,12
390962,7
390993,7
391064,10
391070,4
391074,2
391074,4
391080,2
391080,4
391090,5
391090,5
391091,10
391103,4
391104,10
391110,4
391111,10
391120,2
391120,4
391135,2
391136,2
391142,11
391145,6
391145,10
391169,10
391177,5
391218,8
391298,4
391299,10
391302,5
391302,5
391311,5
391311,5
391313,10
391314,10
391326,4
391327,10
391333,6
391333,11
391335,7
391337,8
391340,3
391351,4
391355,6
391355,10
391368,5
391368,5
391414,9
391507,7
391517,3
391519,3
391523,6
391523,11
391526,6
391526,10
391527,2
391532,6
391561,14
391571,10
391576,4
391576,8
391591,9
391601,14
391606,7
391621,2
391621,4
391626,4
391627,10
391630,5
391630,5
391637,8
391638,3
391639,6
391643,8
391650,4
391651,10
391660,6
391672,5
391672,5
391675,4
391675,8
391771,3
391771,3
391790,8
391796,7
391915,4
391949,9
391998,2
392034,8
392046,12
392064,9
392069,10
392082,3
392106,4
392107,10
392117,2
392117,4
392118,5
392118,5
392125,5
392125,5
392137,6
392143,4
392144,10
392183,10
392252,4
392253,10
392262,5
392262,5
392269,6
392271,2
392271,4
392275,2
392275,4
392277,5
392277,5
392279,4
392280,10
392296,5
392296,5
392308,4
392309,10
392326,3
392331,4
392331,4
392377,3
392378,3
392456,4
392472,6
392472,11
392476,5
392487,3
392522,10
392540,3
392544,9
392547,12
392573,5
392609,5
392609,5
392618,4
392619,10
392624,7
392625,6
392634,4
392635,10
392646,2
392646,4
392649,5
392649,5
392695,4
392695,4
392697,4
392716,7
392731,6
392732,5
392745,5
392745,8
392745,9
392801,5
392805,4
392832,5
392846,12
392883,10
392894,10
392904,10
392927,10
392954,5
392954,5
392957,2
392957,4
392958,4
392959,10
392964,6
392987,5
392987,5
392990,6
392998,4
392999,10
393002,5
393008,9
393030,12
393066,6
393068,12
393069,3
393076,2
393120,3
393179,5
393179,5
393184,4
393185,10
393193,6
393200,4
393202,5
393202,5
393203,4
393215,4
393216,10
393221,6
393231,4
393232,10
393240,6
393244,4
393245,5
393245,5
393251,4
393274,4
393284,4
393284,4
393287,3
393323,12
393349,5
393379,6
393379,11
393413,6
393428,7
393434,6
393437,4
393443,4
393461,9
393466,7
393488,3
393558,4
393558,4
393561,10
393590,8
393608,5
393608,5
393610,2
393610,4
393611,4
393615,6
393619,4
393620,10
393624,6
393630,4
393631,10
393639,5
393639,5
393643,4
393651,4
393745,6
393775,4
393797,4
393799,3
393821,9
393823,10
393849,2
393849,4
393850,5
393850,5
393853,4
393861,4
393863,6
393870,6
393879,4
393884,2
393884,4
393887,12
393893,4
393897,12
393899,7
393948,7
393999,6
394015,4
394027,9
394028,10
394029,9
394034,2
394034,4
394034,11
394043,4
394054,3
394061,7
394064,9
394080,5
394094,8
394112,4
394116,4
394124,5
394124,5
394129,8
394142,4
394165,9
394172,10
394230,6
394239,9
394240,13
394243,4
394245,5
394249,5
394258,5
394298,5
394311,5
394321,5
394332,4
394334,2
394334,4
394334,11
394335,9
394376,8
394402,4
394406,2
394406,4
394408,5
394408,5
394428,2
394428,4
394430,5
394430,5
394441,4
394456,4
394463,2
394463,4
394467,5
394467,5
394491,7
394492,5
394516,5
394597,7
394623,13
394624,7
394624,9
394633,10
394633,10
394649,4
394649,4
394657,6
394663,10
394666,9
394708,4
394716,7
394732,10
394743,14
394751,3
394751,8
394752,3
394752,8
394782,10
394784,4
394785,4
394834,7
394838,7
394842,4
394848,8
394849,6
394850,9
394856,10
394867,5
394868,9
394869,4
394869,4
394875,7
394875,9
394885,4
394889,5
394889,5
394895,2
394895,4
394901,2
394901,4
394903,5
394903,5
394908,4
394933,5
394953,10
394971,10
394980,2
394981,2
394998,3
394999,12
395004,5
395005,13
395011,12
395012,7
395014,5
395015,7
395026,3
395027,3
395029,9
395030,9
395035,2
395038,10
395039,8
395043,6
395050,4
395055,5
395058,7
395058,9
395063,7
395069,7
395074,3
395076,8
395077,9
395079,10
395082,6
395085,4
395094,12
395101,5
395109,2
395124,7
395125,7
395127,5
395135,9
395136,8
395137,3
395142,10
395144,3
395149,9
395154,12
395155,6
395163,2
395164,4
395173,5
395173,5
395180,2
395180,4
395193,4
395200,4
395209,5
395209,5
395215,2
395215,4
395220,5
395220,5
395221,2
395221,4
395229,4
395253,6
395272,2
395303,3
395314,4
395324,12
395325,4
395343,5
395369,10
395374,5
395376,6
395386,9
395437,11
395441,6
395447,5
395459,9
395463,5
395470,9
395471,5
395474,5
395478,12
395528,10
395534,7
395537,3
395538,4
395689,4
395692,10
395709,10
395719,7
395722,2
395722,4
395723,5
395723,5
395732,2
395734,4
395746,6
395764,2
395764,4
395765,5
395765,5
395771,10
395790,4
395797,2
395797,4
395798,10
395804,5
395804,5
395806,4
395814,6
395814,7
395870,9
395891,5
395892,7
395899,4
395900,2
395901,3
395906,9
395909,6
395913,12
395918,12
395920,2
395924,7
395933,4
395948,4
395949,2
395949,4
395961,5
395961,5
395965,7
395980,4
396002,11
396003,4
396005,4
396008,2
396011,11
396014,3
396047,5
396048,5
396050,5
396051,7
396075,7
396077,7
396079,5
396080,7
396083,3
396091,3
396092,2
396100,4
396100,6
396100,8
396101,11
396103,8
396105,6
396107,10
396107,10
396108,4
396112,9
396113,4
396114,7
396115,2
396129,3
396129,8
396133,5
396150,7
396155,4
396156,5
396157,3
396157,8
396159,7
396161,4
396163,2
396165,6
396166,2
396168,11
396169,3
396172,9
396174,4
396176,3
396184,4
396184,6
396184,8
396190,12
396191,10
396191,10
396199,5
396199,5
396219,4
396233,3
396233,5
396235,4
396235,4
396243,4
396243,6
396243,8
396250,6
396269,7
396272,11
396283,4
396291,2
396291,4
396303,5
396303,5
396316,4
396319,2
396319,4
396329,4
396351,8
396356,10
396357,6
396366,11
396376,9
396382,3
396391,5
396391,5
396395,10
396395,10
396402,3
396417,4
396420,3
396422,2
396431,11
396433,6
396435,10
396435,10
396436,4
396437,3
396437,8
396438,7
396441,9
396443,7
396444,5
396445,2
396481,4
396481,6
396481,8
396491,7
396503,3
396503,5
396506,4
396506,6
396506,8
396516,4
396516,4
396537,11
396541,9
396581,4
396586,5
396586,5
396590,2
396590,4
396608,2
396608,4
396609,5
396609,5
396613,4
396631,11
396722,5
396722,14
396728,5
396729,7
396731,7
396734,4
396735,10
396735,14
396744,3
396748,4
396752,6
396755,9
396758,10
396758,10
396761,11
396765,12
396771,2
396772,12
396779,3
396781,3
396781,8
396782,12
396786,6
396787,10
396791,4
396807,5
396807,14
396813,7
396814,7
396819,4
396820,5
396821,3
396821,8
396822,10
396825,4
396832,2
396834,4
396835,10
396835,10
396838,6
396840,9
396844,11
396848,3
396860,4
396864,2
396871,6
396872,4
396872,6
396872,8
396884,5
396886,3
396886,8
396889,6
396890,4
396895,3
396900,4
396900,6
396900,8
396901,5
396901,14
396903,11
396904,12
396905,6
396907,10
396907,10
396909,4
396912,7
396914,9
396918,4
396919,7
396920,4
396944,2
396960,5
396960,14
396965,5
396974,7
396976,7
396977,4
396981,4
396988,6
396989,4
396990,3
396992,3
396994,9
397000,12
397002,4
397002,6
397002,8
397003,4
397006,2
397011,3
397011,8
397013,10
397013,14
397015,11
397016,12
397017,2
397017,4
397017,11
397023,10
397023,10
397044,5
397044,5
397053,2
397053,4
397056,4
397072,5
397072,5
397074,4
397076,2
397076,4
397081,5
397081,5
397093,4
397097,2
397097,4
397104,2
397104,4
397107,5
397107,5
397108,4
397123,4
397131,4
397133,2
397133,4
397134,3
397134,8
397142,4
397153,5
397153,5
397201,9
397254,4
397261,11
397267,4
397267,6
397267,8
397284,10
397311,4
397311,4
397333,7
397337,7
397344,4
397350,3
397351,2
397355,3
397357,9
397360,4
397367,6
397368,4
397377,12
397378,4
397378,6
397378,8
397379,4
397382,10
397382,14
397383,5
397387,10
397387,10
397448,3
397448,8
397454,9
397479,10
397494,7
397505,4
397506,5
397506,5
397507,2
397507,4
397539,4
397551,5
397551,5
397555,4
397613,4
397615,7
397641,6
397667,7
397671,9
397722,12
397760,2
397760,4
397761,3
397773,9
397832,3
397833,5
397837,10
397864,13
397867,2
397928,2
397928,4
397931,4
397937,5
397937,5
397955,5
397955,5
397965,2
397965,4
397970,4
397993,3
397996,6
398003,11
398007,7
398013,6
398025,3
398027,1
398037,7
398060,5
398061,7
398072,3
398073,2
398075,9
398076,1
398077,4
398086,4
398088,10
398088,10
398096,11
398102,3
398105,6
398123,7
398137,2
398138,1
398140,3
398142,9
398147,3
398152,10
398152,14
398153,10
398153,10
398155,4
398158,6
398160,4
398169,6
398174,5
398182,7
398191,1
398193,3
398194,2
398195,4
398200,8
398201,9
398208,11
398209,12
398212,10
398212,10
398213,6
398217,3
398219,5
398226,7
398240,4
398261,4
398264,2
398264,4
398275,2
398275,4
398277,5
398277,5
398285,4
398300,1
398317,3
398390,7
398400,3
398402,6
398435,8
398443,10
398443,14
398472,1
398483,3
398517,3
398560,9
398597,6
398602,3
398605,1
398610,10
398623,2
398623,4
398628,5
398628,5
398631,4
398647,3
398670,4
398672,5
398672,5
398677,2
398677,4
398699,8
398701,7
398716,3
398797,7
398798,7
398800,10
398800,10
398801,5
398822,3
398823,9
398824,2
398825,8
398831,4
398839,10
398840,12
398845,12
398846,4
398847,4
398848,4
398848,6
398848,8
398850,3
398850,8
398854,3
398865,5
398870,9
398871,3
398873,6
398876,4
398894,10
398915,4
398921,10
398953,10
398987,7
398990,10
398990,10
398993,7
399002,3
399003,3
399006,9
399008,11
399009,4
399011,4
399013,8
399030,3
399030,8
399032,5
399035,4
399035,6
399035,8
399036,4
399042,3
399047,2
399049,4
399052,10
399059,9
399060,8
399070,5
399070,5
399072,2
399072,4
399086,4
399104,8
399105,2
399105,4
399107,5
399107,5
399123,3
399128,8
399129,12
399132,10
399144,10
399150,10
399221,9
399235,7
399238,7
399241,3
399241,8
399242,5
399248,10
399248,14
399249,14
399252,6
399253,9
399255,3
399256,4
399259,4
399260,9
399264,14
399271,3
399277,11
399278,11
399282,10
399285,2
399290,4
399290,6
399290,8
399291,4
399296,4
399296,6
399296,8
399303,12
399306,10
399306,10
399308,9
399318,12
399321,6
399322,4
399337,7
399345,5
399347,7
399348,10
399348,10
399349,2
399349,4
399349,11
399353,10
399353,14
399358,6
399360,9
399361,9
399362,3
399371,3
399374,2
399375,4
399381,12
399382,2
399394,4
399404,10
399406,4
399407,11
399419,4
399421,7
399424,12
399426,6
399429,3
399429,8
399446,5
399449,7
399450,7
399451,7
399452,10
399454,3
399454,8
399461,12
399470,4
399470,6
399470,8
399472,4
399474,2
399480,3
399483,6
399488,9
399490,3
399493,2
399496,10
399496,10
399499,4
399500,8
399512,11
399521,12
399522,9
399528,4
399530,4
399543,8
399550,5
399550,5
399551,2
399551,4
399561,8
399562,2
399562,4
399568,5
399568,5
399583,8
399588,2
399588,4
399589,5
399589,5
399597,10
399619,3
399621,3
399621,9
399709,7
399743,7
399744,7
399746,2
399746,4
399746,11
399747,7
399748,5
399752,3
399752,8
399761,12
399762,4
399765,4
399769,8
399771,9
399774,10
399774,10
399777,6
399778,5
399781,3
399782,9
399786,2
399795,4
399795,6
399795,8
399797,4
399802,11
399813,4
399822,2
399823,10
399833,3
399833,9
399853,7
399855,10
399927,6
399928,6
399929,6
399930,2
399932,4
399932,4
399935,8
399959,10
400112,7
400113,7
400118,7
400119,5
400126,10
400126,14
400129,3
400129,8
400130,10
400130,10
400133,12
400136,4
400139,6
400141,2
400142,5
400142,9
400149,9
400155,3
400165,8
400166,9
400168,4
400181,11
400184,4
400184,6
400184,8
400185,4
400194,7
400194,9
400203,4
400204,5
400214,13
400227,5
400227,5
400228,8
400232,2
400232,4
400247,8
400252,2
400252,4
400261,6
400266,5
400266,5
400287,6
400288,4
400293,8
400299,5
400299,5
400309,6
400314,3
400360,3
400360,9
400367,1
400375,3
400384,9
400388,7
400389,8
400426,5
400426,14
400431,3
400431,8
400443,13
400447,6
400474,2
400505,8
400510,5
400510,5
400512,2
400512,4
400519,6
400525,10
400533,6
400534,4
400534,6
400534,8
400538,6
400546,5
400578,5
400588,14
400599,6
400602,6
400606,5
400606,14
400607,9
400637,7
400639,5
400640,7
400641,7
400644,2
400644,4
400644,11
400648,10
400648,10
400650,3
400650,8
400659,4
400662,13
400674,3
400675,11
400676,9
400677,9
400679,6
400681,8
400683,5
400684,5
400687,4
400689,6
400690,3
400701,2
400711,4
400721,7
400721,9
400724,12
400725,14
400727,6
400733,2
400733,4
400734,2
400734,4
400760,5
400761,5
400763,7
400765,2
400765,4
400765,11
400767,7
400770,10
400770,10
400782,3
400785,4
400786,4
400789,2
400791,8
400792,13
400793,4
400795,9
400802,6
400803,11
400805,5
400806,5
400808,6
400822,3
400822,8
400824,6
400825,4
400828,10
400828,14
400833,2
400835,12
400836,7
400836,9
400846,5
400876,8
400877,2
400877,4
400882,5
400882,5
400883,6
400891,6
400900,2
400900,4
400906,8
400910,5
400910,5
400913,6
400916,2
400916,4
400918,6
400919,5
400919,5
400923,6
400930,8
400943,3
400943,5
400950,4
400958,6
400996,9
401021,9
401022,6
401036,7
401053,5
401053,6
401078,6
401105,5
401105,6
401108,7
401112,6
401135,9
401136,5
401136,14
401196,10
401197,10
401198,2
401198,7
401198,12